<?xml version="1.0" encoding="UTF-8"?>
<project-private xmlns="http://www.netbeans.org/ns/project-private/1">
    <editor-bookmarks xmlns="http://www.netbeans.org/ns/editor-bookmarks/2" lastBookmarkId="0"/>
    <open-files xmlns="http://www.netbeans.org/ns/projectui-open-files/2">
        <group>
            <file>file:/C:/Users/nhanm/OneDrive/Documents/NetBeansProjects/btljava/src/Controll/HoadonControll.java</file>
            <file>file:/C:/Users/nhanm/OneDrive/Documents/NetBeansProjects/btljava/src/GUI/report1.jrxml</file>
            <file>file:/C:/Users/nhanm/OneDrive/Documents/NetBeansProjects/btljava/src/GUI/Apliication.java</file>
            <file>file:/C:/Users/nhanm/OneDrive/Documents/NetBeansProjects/btljava/src/GUI/frmNhanVIen_.java</file>
            <file>file:/C:/Users/nhanm/OneDrive/Documents/NetBeansProjects/btljava/src/GUI/frmDangnhap.java</file>
            <file>file:/C:/Users/nhanm/OneDrive/Documents/NetBeansProjects/btljava/src/GUI/frmThongKe.java</file>
            <file>file:/C:/Users/nhanm/OneDrive/Documents/NetBeansProjects/btljava/src/GUI/frmHoaDon.java</file>
        </group>
    </open-files>
</project-private>
